{
  "models": [
    {
      "model": "Keyword Matching",
      "accuracy": 0.1423670668953688,
      "f1_macro": 0.09518662132615621,
      "f1_micro": 0.1423670668953688,
      "report": {
        "answer": {
          "precision": 0.15460526315789475,
          "recall": 0.057247259439707675,
          "f1-score": 0.08355555555555555,
          "support": 821
        },
        "header": {
          "precision": 0.047619047619047616,
          "recall": 0.02459016393442623,
          "f1-score": 0.032432432432432434,
          "support": 122
        },
        "other": {
          "precision": 0.1392931392931393,
          "recall": 0.8589743589743589,
          "f1-score": 0.23971377459749554,
          "support": 312
        },
        "question": {
          "precision": 0.34146341463414637,
          "recall": 0.012999071494893221,
          "f1-score": 0.025044722719141325,
          "support": 1077
        },
        "accuracy": 0.1423670668953688,
        "macro avg": {
          "precision": 0.170745216176057,
          "recall": 0.2384527134608465,
          "f1-score": 0.09518662132615621,
          "support": 2332
        },
        "weighted avg": {
          "precision": 0.2332572906872172,
          "recall": 0.1423670668953688,
          "f1-score": 0.07475117148833692,
          "support": 2332
        }
      },
      "confusion_matrix": [
        [
          47,
          0,
          760,
          14
        ],
        [
          9,
          3,
          109,
          1
        ],
        [
          28,
          4,
          268,
          12
        ],
        [
          220,
          56,
          787,
          14
        ]
      ]
    },
    {
      "model": "Naive Bayes + TF-IDF",
      "accuracy": 0.6290737564322469,
      "f1_macro": 0.40515692567997474,
      "f1_micro": 0.6290737564322469,
      "report": {
        "answer": {
          "precision": 0.6928895612708018,
          "recall": 0.5578562728380024,
          "f1-score": 0.6180836707152496,
          "support": 821
        },
        "header": {
          "precision": 1.0,
          "recall": 0.06557377049180328,
          "f1-score": 0.12307692307692307,
          "support": 122
        },
        "other": {
          "precision": 0.6666666666666666,
          "recall": 0.08974358974358974,
          "f1-score": 0.1581920903954802,
          "support": 312
        },
        "question": {
          "precision": 0.6002467612584824,
          "recall": 0.903435468895079,
          "f1-score": 0.7212750185322461,
          "support": 1077
        },
        "accuracy": 0.6290737564322469,
        "macro avg": {
          "precision": 0.7399507472989877,
          "recall": 0.40415227549211863,
          "f1-score": 0.40515692567997474,
          "support": 2332
        },
        "weighted avg": {
          "precision": 0.662662131937699,
          "recall": 0.6290737564322469,
          "f1-score": 0.5783152681969226,
          "support": 2332
        }
      },
      "confusion_matrix": [
        [
          458,
          0,
          7,
          356
        ],
        [
          21,
          8,
          3,
          90
        ],
        [
          82,
          0,
          28,
          202
        ],
        [
          100,
          0,
          4,
          973
        ]
      ]
    },
    {
      "model": "Logistic Regression + TF-IDF",
      "accuracy": 0.692967409948542,
      "f1_macro": 0.49918082278516107,
      "f1_micro": 0.692967409948542,
      "report": {
        "answer": {
          "precision": 0.6117747440273038,
          "recall": 0.8733252131546894,
          "f1-score": 0.7195183140993476,
          "support": 821
        },
        "header": {
          "precision": 0.4583333333333333,
          "recall": 0.18032786885245902,
          "f1-score": 0.2588235294117647,
          "support": 122
        },
        "other": {
          "precision": 0.5555555555555556,
          "recall": 0.14423076923076922,
          "f1-score": 0.22900763358778625,
          "support": 312
        },
        "question": {
          "precision": 0.8069835111542192,
          "recall": 0.7725162488393686,
          "f1-score": 0.7893738140417457,
          "support": 1077
        },
        "accuracy": 0.692967409948542,
        "macro avg": {
          "precision": 0.608161786017603,
          "recall": 0.49260002501932154,
          "f1-score": 0.49918082278516107,
          "support": 2332
        },
        "weighted avg": {
          "precision": 0.6863800627613682,
          "recall": 0.692967409948542,
          "f1-score": 0.6620527383645579,
          "support": 2332
        }
      },
      "confusion_matrix": [
        [
          717,
          9,
          19,
          76
        ],
        [
          36,
          22,
          5,
          59
        ],
        [
          201,
          2,
          45,
          64
        ],
        [
          218,
          15,
          12,
          832
        ]
      ]
    },
    {
      "model": "Random Forest + TF-IDF",
      "accuracy": 0.6869639794168096,
      "f1_macro": 0.5261359412334656,
      "f1_micro": 0.6869639794168096,
      "report": {
        "answer": {
          "precision": 0.6082830025884383,
          "recall": 0.8587088915956151,
          "f1-score": 0.7121212121212122,
          "support": 821
        },
        "header": {
          "precision": 0.3978494623655914,
          "recall": 0.30327868852459017,
          "f1-score": 0.3441860465116279,
          "support": 122
        },
        "other": {
          "precision": 0.45901639344262296,
          "recall": 0.1794871794871795,
          "f1-score": 0.25806451612903225,
          "support": 312
        },
        "question": {
          "precision": 0.8392484342379958,
          "recall": 0.7465181058495822,
          "f1-score": 0.7901719901719901,
          "support": 1077
        },
        "accuracy": 0.6869639794168096,
        "macro avg": {
          "precision": 0.5760993231586621,
          "recall": 0.5219982163642418,
          "f1-score": 0.5261359412334656,
          "support": 2332
        },
        "weighted avg": {
          "precision": 0.6839715514417366,
          "recall": 0.6869639794168096,
          "f1-score": 0.6681704868239388,
          "support": 2332
        }
      },
      "confusion_matrix": [
        [
          705,
          17,
          27,
          72
        ],
        [
          35,
          37,
          7,
          43
        ],
        [
          205,
          12,
          56,
          39
        ],
        [
          214,
          27,
          32,
          804
        ]
      ]
    }
  ],
  "dataset_stats": {
    "train_count": 7411,
    "test_count": 2332,
    "train_labels": {
      "question": 3266,
      "header": 441,
      "answer": 2802,
      "other": 902
    },
    "test_labels": {
      "question": 1077,
      "answer": 821,
      "other": 312,
      "header": 122
    }
  },
  "best_model": {
    "model": "Logistic Regression + TF-IDF",
    "accuracy": 0.692967409948542,
    "f1_macro": 0.49918082278516107,
    "f1_micro": 0.692967409948542,
    "report": {
      "answer": {
        "precision": 0.6117747440273038,
        "recall": 0.8733252131546894,
        "f1-score": 0.7195183140993476,
        "support": 821
      },
      "header": {
        "precision": 0.4583333333333333,
        "recall": 0.18032786885245902,
        "f1-score": 0.2588235294117647,
        "support": 122
      },
      "other": {
        "precision": 0.5555555555555556,
        "recall": 0.14423076923076922,
        "f1-score": 0.22900763358778625,
        "support": 312
      },
      "question": {
        "precision": 0.8069835111542192,
        "recall": 0.7725162488393686,
        "f1-score": 0.7893738140417457,
        "support": 1077
      },
      "accuracy": 0.692967409948542,
      "macro avg": {
        "precision": 0.608161786017603,